-- MySQL dump 10.13  Distrib 5.6.42, for Linux (x86_64)
--
-- Host: localhost    Database: amitexdt_sorav
-- ------------------------------------------------------
-- Server version	5.5.60-MariaDB

/*!40101 SET @OLD_CHARACTER_SET_CLIENT=@@CHARACTER_SET_CLIENT */;
/*!40101 SET @OLD_CHARACTER_SET_RESULTS=@@CHARACTER_SET_RESULTS */;
/*!40101 SET @OLD_COLLATION_CONNECTION=@@COLLATION_CONNECTION */;
/*!40101 SET NAMES utf8 */;
/*!40103 SET @OLD_TIME_ZONE=@@TIME_ZONE */;
/*!40103 SET TIME_ZONE='+00:00' */;
/*!40014 SET @OLD_UNIQUE_CHECKS=@@UNIQUE_CHECKS, UNIQUE_CHECKS=0 */;
/*!40014 SET @OLD_FOREIGN_KEY_CHECKS=@@FOREIGN_KEY_CHECKS, FOREIGN_KEY_CHECKS=0 */;
/*!40101 SET @OLD_SQL_MODE=@@SQL_MODE, SQL_MODE='NO_AUTO_VALUE_ON_ZERO' */;
/*!40111 SET @OLD_SQL_NOTES=@@SQL_NOTES, SQL_NOTES=0 */;

--
-- Table structure for table `tbl_categories`
--

DROP TABLE IF EXISTS `tbl_categories`;
/*!40101 SET @saved_cs_client     = @@character_set_client */;
/*!40101 SET character_set_client = utf8 */;
CREATE TABLE `tbl_categories` (
  `category_id` int(11) NOT NULL AUTO_INCREMENT,
  `category_guid` char(36) NOT NULL,
  `category_name` varchar(250) NOT NULL,
  `created_date` datetime NOT NULL,
  PRIMARY KEY (`category_id`),
  UNIQUE KEY `category_guid` (`category_guid`),
  UNIQUE KEY `category_name` (`category_name`)
) ENGINE=InnoDB AUTO_INCREMENT=8 DEFAULT CHARSET=utf8;
/*!40101 SET character_set_client = @saved_cs_client */;

--
-- Dumping data for table `tbl_categories`
--

LOCK TABLES `tbl_categories` WRITE;
/*!40000 ALTER TABLE `tbl_categories` DISABLE KEYS */;
INSERT INTO `tbl_categories` VALUES (1,'7bb5122f-a26e-ca74-c7f5-d95437aab1aa','למיטה','2021-12-14 10:57:16'),(2,'ba1a5ce2-f2f4-4702-80af-bcb674f4af87','ריהוט','2021-12-14 16:32:40'),(3,'241ca10e-c23b-9295-826b-64abdc039ffc','Bedding System','2021-12-15 09:21:44'),(4,'9c2e7f14-b2c1-a2aa-adef-d681b117cffb','חורף','2021-12-15 13:03:16'),(5,'12fbb2ba-2d09-7231-8b85-2047776fcc60','mats','2022-01-16 14:54:31'),(6,'c24d2e49-0177-92c9-4ba7-d06a64b39dff','מצעים','2022-02-02 15:32:42'),(7,'7e201ac2-a339-74a0-2fec-5bfb32c87153','מיכל נגרין','2022-02-02 15:32:42');
/*!40000 ALTER TABLE `tbl_categories` ENABLE KEYS */;
UNLOCK TABLES;

--
-- Table structure for table `tbl_order_details`
--

DROP TABLE IF EXISTS `tbl_order_details`;
/*!40101 SET @saved_cs_client     = @@character_set_client */;
/*!40101 SET character_set_client = utf8 */;
CREATE TABLE `tbl_order_details` (
  `order_detail_id` int(11) NOT NULL AUTO_INCREMENT,
  `order_id` int(11) NOT NULL,
  `product_id` int(11) NOT NULL,
  `product_name` varchar(250) NOT NULL,
  `product_total_amount` float(6,2) NOT NULL,
  `product_variants` text,
  PRIMARY KEY (`order_detail_id`),
  KEY `order_id` (`order_id`),
  KEY `product_id` (`product_id`),
  CONSTRAINT `tbl_order_details_ibfk_1` FOREIGN KEY (`order_id`) REFERENCES `tbl_orders` (`order_id`) ON DELETE CASCADE,
  CONSTRAINT `tbl_order_details_ibfk_3` FOREIGN KEY (`product_id`) REFERENCES `tbl_products` (`product_id`) ON DELETE CASCADE
) ENGINE=InnoDB AUTO_INCREMENT=11 DEFAULT CHARSET=utf8;
/*!40101 SET character_set_client = @saved_cs_client */;

--
-- Dumping data for table `tbl_order_details`
--

LOCK TABLES `tbl_order_details` WRITE;
/*!40000 ALTER TABLE `tbl_order_details` DISABLE KEYS */;
/*!40000 ALTER TABLE `tbl_order_details` ENABLE KEYS */;
UNLOCK TABLES;

--
-- Table structure for table `tbl_orders`
--

DROP TABLE IF EXISTS `tbl_orders`;
/*!40101 SET @saved_cs_client     = @@character_set_client */;
/*!40101 SET character_set_client = utf8 */;
CREATE TABLE `tbl_orders` (
  `order_id` int(11) NOT NULL AUTO_INCREMENT,
  `order_guid` char(36) NOT NULL,
  `user_id` int(11) NOT NULL COMMENT '(client id)',
  `ordered_by_user_id` int(11) NOT NULL COMMENT '(order owner id)',
  `total_products` smallint(5) unsigned NOT NULL,
  `total_cart_amount` float(6,2) NOT NULL,
  `order_note` text NOT NULL,
  `created_date` datetime NOT NULL,
  PRIMARY KEY (`order_id`),
  KEY `user_id` (`user_id`),
  KEY `ordered_by_user_id` (`ordered_by_user_id`),
  CONSTRAINT `tbl_orders_ibfk_1` FOREIGN KEY (`user_id`) REFERENCES `tbl_users` (`user_id`) ON DELETE CASCADE,
  CONSTRAINT `tbl_orders_ibfk_2` FOREIGN KEY (`ordered_by_user_id`) REFERENCES `tbl_users` (`user_id`) ON DELETE CASCADE
) ENGINE=InnoDB AUTO_INCREMENT=26 DEFAULT CHARSET=utf8;
/*!40101 SET character_set_client = @saved_cs_client */;

--
-- Dumping data for table `tbl_orders`
--

LOCK TABLES `tbl_orders` WRITE;
/*!40000 ALTER TABLE `tbl_orders` DISABLE KEYS */;
/*!40000 ALTER TABLE `tbl_orders` ENABLE KEYS */;
UNLOCK TABLES;

--
-- Table structure for table `tbl_pricelist_variants`
--

DROP TABLE IF EXISTS `tbl_pricelist_variants`;
/*!40101 SET @saved_cs_client     = @@character_set_client */;
/*!40101 SET character_set_client = utf8 */;
CREATE TABLE `tbl_pricelist_variants` (
  `pricelist_variant_id` int(11) NOT NULL AUTO_INCREMENT,
  `pricelist_id` int(11) NOT NULL,
  `product_id` int(11) NOT NULL,
  `product_variant_id` int(11) NOT NULL,
  `product_price` float(6,2) unsigned NOT NULL,
  PRIMARY KEY (`pricelist_variant_id`),
  KEY `pricelist_id` (`pricelist_id`),
  KEY `product_id` (`product_id`),
  KEY `product_variant_id` (`product_variant_id`),
  CONSTRAINT `tbl_pricelist_variants_ibfk_1` FOREIGN KEY (`pricelist_id`) REFERENCES `tbl_pricelists` (`pricelist_id`) ON DELETE CASCADE,
  CONSTRAINT `tbl_pricelist_variants_ibfk_2` FOREIGN KEY (`product_id`) REFERENCES `tbl_products` (`product_id`) ON DELETE CASCADE,
  CONSTRAINT `tbl_pricelist_variants_ibfk_3` FOREIGN KEY (`product_variant_id`) REFERENCES `tbl_products_variants` (`product_variant_id`) ON DELETE CASCADE
) ENGINE=InnoDB AUTO_INCREMENT=3691 DEFAULT CHARSET=utf8;
/*!40101 SET character_set_client = @saved_cs_client */;

--
-- Dumping data for table `tbl_pricelist_variants`
--

LOCK TABLES `tbl_pricelist_variants` WRITE;
/*!40000 ALTER TABLE `tbl_pricelist_variants` DISABLE KEYS */;
INSERT INTO `tbl_pricelist_variants` VALUES (2839,7,115,474,265.00),(2840,8,115,474,265.00),(2841,9,115,474,292.00),(2842,10,115,474,305.00),(2843,11,115,474,398.00),(2844,12,115,474,549.00),(2845,7,115,475,265.00),(2846,8,115,475,265.00),(2847,9,115,475,292.00),(2848,10,115,475,305.00),(2849,11,115,475,398.00),(2850,12,115,475,549.00),(2851,7,115,476,265.00),(2852,8,115,476,265.00),(2853,9,115,476,292.00),(2854,10,115,476,305.00),(2855,11,115,476,398.00),(2856,12,115,476,549.00),(2857,7,115,477,265.00),(2858,8,115,477,265.00),(2859,9,115,477,292.00),(2860,10,115,477,305.00),(2861,11,115,477,398.00),(2862,12,115,477,549.00),(2863,7,115,478,1060.00),(2864,8,115,478,1060.00),(2865,9,115,478,1168.00),(2866,10,115,478,1220.00),(2867,11,115,478,1592.00),(2868,12,115,478,2196.00),(2869,7,115,479,245.00),(2870,8,115,479,245.00),(2871,9,115,479,270.00),(2872,10,115,479,282.00),(2873,11,115,479,368.00),(2874,12,115,479,499.00),(2875,7,115,480,245.00),(2876,8,115,480,245.00),(2877,9,115,480,270.00),(2878,10,115,480,282.00),(2879,11,115,480,368.00),(2880,12,115,480,499.00),(2881,7,115,481,245.00),(2882,8,115,481,245.00),(2883,9,115,481,270.00),(2884,10,115,481,282.00),(2885,11,115,481,368.00),(2886,12,115,481,499.00),(2887,7,115,482,245.00),(2888,8,115,482,245.00),(2889,9,115,482,270.00),(2890,10,115,482,282.00),(2891,11,115,482,368.00),(2892,12,115,482,499.00),(2893,7,115,483,980.00),(2894,8,115,483,980.00),(2895,9,115,483,1080.00),(2896,10,115,483,1128.00),(2897,11,115,483,1472.00),(2898,12,115,483,1996.00),(2899,7,115,484,180.00),(2900,8,115,484,180.00),(2901,9,115,484,198.00),(2902,10,115,484,207.00),(2903,11,115,484,270.00),(2904,12,115,484,349.00),(2905,7,115,485,180.00),(2906,8,115,485,180.00),(2907,9,115,485,198.00),(2908,10,115,485,207.00),(2909,11,115,485,270.00),(2910,12,115,485,349.00),(2911,7,115,486,180.00),(2912,8,115,486,180.00),(2913,9,115,486,198.00),(2914,10,115,486,207.00),(2915,11,115,486,270.00),(2916,12,115,486,349.00),(2917,7,115,487,180.00),(2918,8,115,487,180.00),(2919,9,115,487,198.00),(2920,10,115,487,207.00),(2921,11,115,487,270.00),(2922,12,115,487,349.00),(2923,7,115,488,1440.00),(2924,8,115,488,1440.00),(2925,9,115,488,1584.00),(2926,10,115,488,1656.00),(2927,11,115,488,2160.00),(2928,12,115,488,2792.00),(2929,7,116,489,320.00),(2930,8,116,489,320.00),(2931,9,116,489,352.00),(2932,10,116,489,368.00),(2933,11,116,489,480.00),(2934,12,116,489,659.00),(2935,7,116,490,320.00),(2936,8,116,490,320.00),(2937,9,116,490,352.00),(2938,10,116,490,368.00),(2939,11,116,490,480.00),(2940,12,116,490,659.00),(2941,7,116,491,320.00),(2942,8,116,491,320.00),(2943,9,116,491,352.00),(2944,10,116,491,368.00),(2945,11,116,491,480.00),(2946,12,116,491,659.00),(2947,7,116,492,320.00),(2948,8,116,492,320.00),(2949,9,116,492,352.00),(2950,10,116,492,368.00),(2951,11,116,492,480.00),(2952,12,116,492,659.00),(2953,7,116,493,1280.00),(2954,8,116,493,1280.00),(2955,9,116,493,1408.00),(2956,10,116,493,1472.00),(2957,11,116,493,1920.00),(2958,12,116,493,2636.00),(2959,7,116,494,295.00),(2960,8,116,494,295.00),(2961,9,116,494,325.00),(2962,10,116,494,339.00),(2963,11,116,494,443.00),(2964,12,116,494,599.00),(2965,7,116,495,295.00),(2966,8,116,495,295.00),(2967,9,116,495,325.00),(2968,10,116,495,339.00),(2969,11,116,495,443.00),(2970,12,116,495,599.00),(2971,7,116,496,295.00),(2972,8,116,496,295.00),(2973,9,116,496,325.00),(2974,10,116,496,339.00),(2975,11,116,496,443.00),(2976,12,116,496,599.00),(2977,7,116,497,295.00),(2978,8,116,497,295.00),(2979,9,116,497,325.00),(2980,10,116,497,339.00),(2981,11,116,497,443.00),(2982,12,116,497,599.00),(2983,7,116,498,1180.00),(2984,8,116,498,1180.00),(2985,9,116,498,1300.00),(2986,10,116,498,1356.00),(2987,11,116,498,1772.00),(2988,12,116,498,2396.00),(2989,7,116,499,240.00),(2990,8,116,499,240.00),(2991,9,116,499,264.00),(2992,10,116,499,276.00),(2993,11,116,499,360.00),(2994,12,116,499,469.00),(2995,7,116,500,240.00),(2996,8,116,500,240.00),(2997,9,116,500,264.00),(2998,10,116,500,276.00),(2999,11,116,500,360.00),(3000,12,116,500,469.00),(3001,7,116,501,240.00),(3002,8,116,501,240.00),(3003,9,116,501,264.00),(3004,10,116,501,276.00),(3005,11,116,501,360.00),(3006,12,116,501,469.00),(3007,7,116,502,240.00),(3008,8,116,502,240.00),(3009,9,116,502,264.00),(3010,10,116,502,276.00),(3011,11,116,502,360.00),(3012,12,116,502,469.00),(3013,7,116,503,960.00),(3014,8,116,503,960.00),(3015,9,116,503,1056.00),(3016,10,116,503,1104.00),(3017,11,116,503,1440.00),(3018,12,116,503,1876.00),(3019,7,117,504,95.00),(3020,8,117,504,95.00),(3021,9,117,504,105.00),(3022,10,117,504,109.00),(3023,11,117,504,143.00),(3024,12,117,504,199.00),(3025,7,117,505,95.00),(3026,8,117,505,95.00),(3027,9,117,505,105.00),(3028,10,117,505,109.00),(3029,11,117,505,143.00),(3030,12,117,505,199.00),(3031,7,117,506,95.00),(3032,8,117,506,95.00),(3033,9,117,506,105.00),(3034,10,117,506,109.00),(3035,11,117,506,143.00),(3036,12,117,506,199.00),(3037,7,117,507,950.00),(3038,8,117,507,950.00),(3039,9,117,507,1050.00),(3040,10,117,507,1090.00),(3041,11,117,507,1430.00),(3042,12,117,507,1990.00),(3043,7,117,508,130.00),(3044,8,117,508,130.00),(3045,9,117,508,143.00),(3046,10,117,508,150.00),(3047,11,117,508,195.00),(3048,12,117,508,259.00),(3049,7,117,509,130.00),(3050,8,117,509,130.00),(3051,9,117,509,143.00),(3052,10,117,509,150.00),(3053,11,117,509,195.00),(3054,12,117,509,259.00),(3055,7,117,510,130.00),(3056,8,117,510,130.00),(3057,9,117,510,143.00),(3058,10,117,510,150.00),(3059,11,117,510,195.00),(3060,12,117,510,259.00),(3061,7,117,511,1300.00),(3062,8,117,511,1300.00),(3063,9,117,511,1430.00),(3064,10,117,511,1500.00),(3065,11,117,511,1950.00),(3066,12,117,511,2590.00),(3067,7,118,512,95.00),(3068,8,118,512,95.00),(3069,9,118,512,105.00),(3070,10,118,512,109.00),(3071,11,118,512,143.00),(3072,12,118,512,199.00),(3073,7,118,513,95.00),(3074,8,118,513,95.00),(3075,9,118,513,105.00),(3076,10,118,513,109.00),(3077,11,118,513,143.00),(3078,12,118,513,199.00),(3079,7,118,514,95.00),(3080,8,118,514,95.00),(3081,9,118,514,105.00),(3082,10,118,514,109.00),(3083,11,118,514,143.00),(3084,12,118,514,199.00),(3085,7,118,515,950.00),(3086,8,118,515,950.00),(3087,9,118,515,1050.00),(3088,10,118,515,1090.00),(3089,11,118,515,1430.00),(3090,12,118,515,1990.00),(3091,7,118,516,130.00),(3092,8,118,516,130.00),(3093,9,118,516,143.00),(3094,10,118,516,150.00),(3095,11,118,516,195.00),(3096,12,118,516,259.00),(3097,7,118,517,130.00),(3098,8,118,517,130.00),(3099,9,118,517,143.00),(3100,10,118,517,150.00),(3101,11,118,517,195.00),(3102,12,118,517,259.00),(3103,7,118,518,130.00),(3104,8,118,518,130.00),(3105,9,118,518,143.00),(3106,10,118,518,150.00),(3107,11,118,518,195.00),(3108,12,118,518,259.00),(3109,7,118,519,1300.00),(3110,8,118,519,1300.00),(3111,9,118,519,1430.00),(3112,10,118,519,1500.00),(3113,11,118,519,1950.00),(3114,12,118,519,2590.00),(3115,1,119,520,215.00),(3116,2,119,520,215.00),(3117,3,119,520,290.00),(3118,4,119,520,237.00),(3119,5,119,520,301.00),(3120,6,119,520,464.00),(3121,1,119,521,215.00),(3122,2,119,521,215.00),(3123,3,119,521,290.00),(3124,4,119,521,237.00),(3125,5,119,521,301.00),(3126,6,119,521,464.00),(3127,1,119,522,215.00),(3128,2,119,522,215.00),(3129,3,119,522,290.00),(3130,4,119,522,237.00),(3131,5,119,522,301.00),(3132,6,119,522,464.00),(3133,1,119,523,215.00),(3134,2,119,523,215.00),(3135,3,119,523,290.00),(3136,4,119,523,237.00),(3137,5,119,523,301.00),(3138,6,119,523,464.00),(3139,1,119,524,860.00),(3140,2,119,524,860.00),(3141,3,119,524,1160.00),(3142,4,119,524,948.00),(3143,5,119,524,1204.00),(3144,6,119,524,1856.00),(3145,1,119,525,195.00),(3146,2,119,525,195.00),(3147,3,119,525,263.00),(3148,4,119,525,215.00),(3149,5,119,525,273.00),(3150,6,119,525,424.00),(3151,1,119,526,195.00),(3152,2,119,526,195.00),(3153,3,119,526,263.00),(3154,4,119,526,215.00),(3155,5,119,526,273.00),(3156,6,119,526,424.00),(3157,1,119,527,195.00),(3158,2,119,527,195.00),(3159,3,119,527,263.00),(3160,4,119,527,215.00),(3161,5,119,527,273.00),(3162,6,119,527,424.00),(3163,1,119,528,195.00),(3164,2,119,528,195.00),(3165,3,119,528,263.00),(3166,4,119,528,215.00),(3167,5,119,528,273.00),(3168,6,119,528,424.00),(3169,1,119,529,780.00),(3170,2,119,529,780.00),(3171,3,119,529,1052.00),(3172,4,119,529,860.00),(3173,5,119,529,1092.00),(3174,6,119,529,1696.00),(3175,1,119,530,155.00),(3176,2,119,530,155.00),(3177,3,119,530,209.00),(3178,4,119,530,171.00),(3179,5,119,530,217.00),(3180,6,119,530,339.00),(3181,1,119,531,155.00),(3182,2,119,531,155.00),(3183,3,119,531,209.00),(3184,4,119,531,171.00),(3185,5,119,531,217.00),(3186,6,119,531,339.00),(3187,1,119,532,155.00),(3188,2,119,532,155.00),(3189,3,119,532,209.00),(3190,4,119,532,171.00),(3191,5,119,532,217.00),(3192,6,119,532,339.00),(3193,1,119,533,155.00),(3194,2,119,533,155.00),(3195,3,119,533,209.00),(3196,4,119,533,171.00),(3197,5,119,533,217.00),(3198,6,119,533,339.00),(3199,1,119,534,620.00),(3200,2,119,534,620.00),(3201,3,119,534,836.00),(3202,4,119,534,684.00),(3203,5,119,534,868.00),(3204,6,119,534,1356.00),(3205,1,120,535,215.00),(3206,2,120,535,215.00),(3207,3,120,535,290.00),(3208,4,120,535,237.00),(3209,5,120,535,301.00),(3210,6,120,535,464.00),(3211,1,120,536,215.00),(3212,2,120,536,215.00),(3213,3,120,536,290.00),(3214,4,120,536,237.00),(3215,5,120,536,301.00),(3216,6,120,536,464.00),(3217,1,120,537,215.00),(3218,2,120,537,215.00),(3219,3,120,537,290.00),(3220,4,120,537,237.00),(3221,5,120,537,301.00),(3222,6,120,537,464.00),(3223,1,120,538,215.00),(3224,2,120,538,215.00),(3225,3,120,538,290.00),(3226,4,120,538,237.00),(3227,5,120,538,301.00),(3228,6,120,538,464.00),(3229,1,120,539,860.00),(3230,2,120,539,860.00),(3231,3,120,539,1160.00),(3232,4,120,539,948.00),(3233,5,120,539,1204.00),(3234,6,120,539,1856.00),(3235,1,120,540,195.00),(3236,2,120,540,195.00),(3237,3,120,540,263.00),(3238,4,120,540,215.00),(3239,5,120,540,273.00),(3240,6,120,540,424.00),(3241,1,120,541,195.00),(3242,2,120,541,195.00),(3243,3,120,541,263.00),(3244,4,120,541,215.00),(3245,5,120,541,273.00),(3246,6,120,541,424.00),(3247,1,120,542,195.00),(3248,2,120,542,195.00),(3249,3,120,542,263.00),(3250,4,120,542,215.00),(3251,5,120,542,273.00),(3252,6,120,542,424.00),(3253,1,120,543,195.00),(3254,2,120,543,195.00),(3255,3,120,543,263.00),(3256,4,120,543,215.00),(3257,5,120,543,273.00),(3258,6,120,543,424.00),(3259,1,120,544,780.00),(3260,2,120,544,780.00),(3261,3,120,544,1052.00),(3262,4,120,544,860.00),(3263,5,120,544,1092.00),(3264,6,120,544,1696.00),(3265,1,120,545,155.00),(3266,2,120,545,155.00),(3267,3,120,545,209.00),(3268,4,120,545,171.00),(3269,5,120,545,217.00),(3270,6,120,545,339.00),(3271,1,120,546,155.00),(3272,2,120,546,155.00),(3273,3,120,546,209.00),(3274,4,120,546,171.00),(3275,5,120,546,217.00),(3276,6,120,546,339.00),(3277,1,120,547,155.00),(3278,2,120,547,155.00),(3279,3,120,547,209.00),(3280,4,120,547,171.00),(3281,5,120,547,217.00),(3282,6,120,547,339.00),(3283,1,120,548,155.00),(3284,2,120,548,155.00),(3285,3,120,548,209.00),(3286,4,120,548,171.00),(3287,5,120,548,217.00),(3288,6,120,548,339.00),(3289,1,120,549,620.00),(3290,2,120,549,620.00),(3291,3,120,549,836.00),(3292,4,120,549,684.00),(3293,5,120,549,868.00),(3294,6,120,549,1356.00),(3295,1,121,550,215.00),(3296,2,121,550,215.00),(3297,3,121,550,290.00),(3298,4,121,550,237.00),(3299,5,121,550,301.00),(3300,6,121,550,464.00),(3301,1,121,551,215.00),(3302,2,121,551,215.00),(3303,3,121,551,290.00),(3304,4,121,551,237.00),(3305,5,121,551,301.00),(3306,6,121,551,464.00),(3307,1,121,552,215.00),(3308,2,121,552,215.00),(3309,3,121,552,290.00),(3310,4,121,552,237.00),(3311,5,121,552,301.00),(3312,6,121,552,464.00),(3313,1,121,553,215.00),(3314,2,121,553,215.00),(3315,3,121,553,290.00),(3316,4,121,553,237.00),(3317,5,121,553,301.00),(3318,6,121,553,464.00),(3319,1,121,554,860.00),(3320,2,121,554,860.00),(3321,3,121,554,1160.00),(3322,4,121,554,948.00),(3323,5,121,554,1204.00),(3324,6,121,554,1856.00),(3325,1,121,555,195.00),(3326,2,121,555,195.00),(3327,3,121,555,263.00),(3328,4,121,555,215.00),(3329,5,121,555,273.00),(3330,6,121,555,424.00),(3331,1,121,556,195.00),(3332,2,121,556,195.00),(3333,3,121,556,263.00),(3334,4,121,556,215.00),(3335,5,121,556,273.00),(3336,6,121,556,424.00),(3337,1,121,557,195.00),(3338,2,121,557,195.00),(3339,3,121,557,263.00),(3340,4,121,557,215.00),(3341,5,121,557,273.00),(3342,6,121,557,424.00),(3343,1,121,558,195.00),(3344,2,121,558,195.00),(3345,3,121,558,263.00),(3346,4,121,558,215.00),(3347,5,121,558,273.00),(3348,6,121,558,424.00),(3349,1,121,559,780.00),(3350,2,121,559,780.00),(3351,3,121,559,1052.00),(3352,4,121,559,860.00),(3353,5,121,559,1092.00),(3354,6,121,559,1696.00),(3355,1,121,560,155.00),(3356,2,121,560,155.00),(3357,3,121,560,209.00),(3358,4,121,560,171.00),(3359,5,121,560,217.00),(3360,6,121,560,339.00),(3361,1,121,561,155.00),(3362,2,121,561,155.00),(3363,3,121,561,209.00),(3364,4,121,561,171.00),(3365,5,121,561,217.00),(3366,6,121,561,339.00),(3367,1,121,562,155.00),(3368,2,121,562,155.00),(3369,3,121,562,209.00),(3370,4,121,562,171.00),(3371,5,121,562,217.00),(3372,6,121,562,339.00),(3373,1,121,563,155.00),(3374,2,121,563,155.00),(3375,3,121,563,209.00),(3376,4,121,563,171.00),(3377,5,121,563,217.00),(3378,6,121,563,339.00),(3379,1,121,564,620.00),(3380,2,121,564,620.00),(3381,3,121,564,836.00),(3382,4,121,564,684.00),(3383,5,121,564,868.00),(3384,6,121,564,1356.00),(3385,1,122,565,65.00),(3386,2,122,565,65.00),(3387,3,122,565,88.00),(3388,4,122,565,72.00),(3389,5,122,565,91.00),(3390,6,122,565,149.00),(3391,1,122,566,65.00),(3392,2,122,566,65.00),(3393,3,122,566,88.00),(3394,4,122,566,72.00),(3395,5,122,566,91.00),(3396,6,122,566,149.00),(3397,1,122,567,65.00),(3398,2,122,567,65.00),(3399,3,122,567,88.00),(3400,4,122,567,72.00),(3401,5,122,567,91.00),(3402,6,122,567,149.00),(3403,1,122,568,65.00),(3404,2,122,568,65.00),(3405,3,122,568,88.00),(3406,4,122,568,72.00),(3407,5,122,568,91.00),(3408,6,122,568,149.00),(3409,1,122,569,650.00),(3410,2,122,569,650.00),(3411,3,122,569,880.00),(3412,4,122,569,720.00),(3413,5,122,569,910.00),(3414,6,122,569,1490.00),(3415,1,122,570,95.00),(3416,2,122,570,95.00),(3417,3,122,570,128.00),(3418,4,122,570,105.00),(3419,5,122,570,133.00),(3420,6,122,570,209.00),(3421,1,122,571,95.00),(3422,2,122,571,95.00),(3423,3,122,571,128.00),(3424,4,122,571,105.00),(3425,5,122,571,133.00),(3426,6,122,571,209.00),(3427,1,122,572,95.00),(3428,2,122,572,95.00),(3429,3,122,572,128.00),(3430,4,122,572,105.00),(3431,5,122,572,133.00),(3432,6,122,572,209.00),(3433,1,122,573,95.00),(3434,2,122,573,95.00),(3435,3,122,573,128.00),(3436,4,122,573,105.00),(3437,5,122,573,133.00),(3438,6,122,573,209.00),(3439,1,122,574,950.00),(3440,2,122,574,950.00),(3441,3,122,574,1280.00),(3442,4,122,574,1050.00),(3443,5,122,574,1330.00),(3444,6,122,574,2090.00),(3445,1,123,575,155.00),(3446,2,123,575,155.00),(3447,3,123,575,209.00),(3448,4,123,575,171.00),(3449,5,123,575,217.00),(3450,6,123,575,339.00),(3451,1,123,576,155.00),(3452,2,123,576,155.00),(3453,3,123,576,209.00),(3454,4,123,576,171.00),(3455,5,123,576,217.00),(3456,6,123,576,339.00),(3457,1,123,577,930.00),(3458,2,123,577,930.00),(3459,3,123,577,1254.00),(3460,4,123,577,1026.00),(3461,5,123,577,1302.00),(3462,6,123,577,2034.00),(3463,1,123,578,170.00),(3464,2,123,578,170.00),(3465,3,123,578,230.00),(3466,4,123,578,187.00),(3467,5,123,578,238.00),(3468,6,123,578,369.00),(3469,1,123,579,170.00),(3470,2,123,579,170.00),(3471,3,123,579,230.00),(3472,4,123,579,187.00),(3473,5,123,579,238.00),(3474,6,123,579,369.00),(3475,1,123,580,1020.00),(3476,2,123,580,1020.00),(3477,3,123,580,1380.00),(3478,4,123,580,1122.00),(3479,5,123,580,1428.00),(3480,6,123,580,2214.00),(3481,1,124,581,80.00),(3482,2,124,581,80.00),(3483,3,124,581,110.00),(3484,4,124,581,92.00),(3485,5,124,581,112.00),(3486,6,124,581,159.00),(3487,1,124,582,80.00),(3488,2,124,582,80.00),(3489,3,124,582,110.00),(3490,4,124,582,92.00),(3491,5,124,582,112.00),(3492,6,124,582,159.00),(3493,1,124,583,80.00),(3494,2,124,583,80.00),(3495,3,124,583,110.00),(3496,4,124,583,92.00),(3497,5,124,583,112.00),(3498,6,124,583,159.00),(3499,1,124,584,800.00),(3500,2,124,584,800.00),(3501,3,124,584,1100.00),(3502,4,124,584,920.00),(3503,5,124,584,1120.00),(3504,6,124,584,1590.00),(3505,1,124,585,105.00),(3506,2,124,585,105.00),(3507,3,124,585,145.00),(3508,4,124,585,120.00),(3509,5,124,585,147.00),(3510,6,124,585,209.00),(3511,1,124,586,105.00),(3512,2,124,586,105.00),(3513,3,124,586,145.00),(3514,4,124,586,120.00),(3515,5,124,586,147.00),(3516,6,124,586,209.00),(3517,1,124,587,105.00),(3518,2,124,587,105.00),(3519,3,124,587,145.00),(3520,4,124,587,120.00),(3521,5,124,587,147.00),(3522,6,124,587,209.00),(3523,1,124,588,1050.00),(3524,2,124,588,1050.00),(3525,3,124,588,1450.00),(3526,4,124,588,1200.00),(3527,5,124,588,1470.00),(3528,6,124,588,2090.00),(3529,1,125,589,215.00),(3530,2,125,589,215.00),(3531,3,125,589,290.00),(3532,4,125,589,240.00),(3533,5,125,589,301.00),(3534,6,125,589,429.00),(3535,1,125,590,215.00),(3536,2,125,590,215.00),(3537,3,125,590,290.00),(3538,4,125,590,240.00),(3539,5,125,590,301.00),(3540,6,125,590,429.00),(3541,1,125,591,215.00),(3542,2,125,591,215.00),(3543,3,125,591,290.00),(3544,4,125,591,240.00),(3545,5,125,591,301.00),(3546,6,125,591,429.00),(3547,1,125,592,215.00),(3548,2,125,592,215.00),(3549,3,125,592,290.00),(3550,4,125,592,240.00),(3551,5,125,592,301.00),(3552,6,125,592,429.00),(3553,1,125,593,860.00),(3554,2,125,593,860.00),(3555,3,125,593,1160.00),(3556,4,125,593,960.00),(3557,5,125,593,1204.00),(3558,6,125,593,1716.00),(3559,1,125,594,195.00),(3560,2,125,594,195.00),(3561,3,125,594,265.00),(3562,4,125,594,215.00),(3563,5,125,594,273.00),(3564,6,125,594,389.00),(3565,1,125,595,195.00),(3566,2,125,595,195.00),(3567,3,125,595,265.00),(3568,4,125,595,215.00),(3569,5,125,595,273.00),(3570,6,125,595,389.00),(3571,1,125,596,195.00),(3572,2,125,596,195.00),(3573,3,125,596,265.00),(3574,4,125,596,215.00),(3575,5,125,596,273.00),(3576,6,125,596,389.00),(3577,1,125,597,195.00),(3578,2,125,597,195.00),(3579,3,125,597,265.00),(3580,4,125,597,215.00),(3581,5,125,597,273.00),(3582,6,125,597,389.00),(3583,1,125,598,780.00),(3584,2,125,598,780.00),(3585,3,125,598,1060.00),(3586,4,125,598,860.00),(3587,5,125,598,1092.00),(3588,6,125,598,1556.00),(3589,1,125,599,155.00),(3590,2,125,599,155.00),(3591,3,125,599,210.00),(3592,4,125,599,170.00),(3593,5,125,599,217.00),(3594,6,125,599,309.00),(3595,1,125,600,155.00),(3596,2,125,600,155.00),(3597,3,125,600,210.00),(3598,4,125,600,170.00),(3599,5,125,600,217.00),(3600,6,125,600,309.00),(3601,1,125,601,155.00),(3602,2,125,601,155.00),(3603,3,125,601,210.00),(3604,4,125,601,170.00),(3605,5,125,601,217.00),(3606,6,125,601,309.00),(3607,1,125,602,155.00),(3608,2,125,602,155.00),(3609,3,125,602,210.00),(3610,4,125,602,170.00),(3611,5,125,602,217.00),(3612,6,125,602,309.00),(3613,1,125,603,620.00),(3614,2,125,603,620.00),(3615,3,125,603,840.00),(3616,4,125,603,680.00),(3617,5,125,603,868.00),(3618,6,125,603,1236.00),(3619,1,126,604,105.00),(3620,2,126,604,105.00),(3621,3,126,604,142.00),(3622,4,126,604,116.00),(3623,5,126,604,147.00),(3624,6,126,604,209.00),(3625,1,126,605,105.00),(3626,2,126,605,105.00),(3627,3,126,605,142.00),(3628,4,126,605,116.00),(3629,5,126,605,147.00),(3630,6,126,605,209.00),(3631,1,126,606,1050.00),(3632,2,126,606,1050.00),(3633,3,126,606,1420.00),(3634,4,126,606,1160.00),(3635,5,126,606,1470.00),(3636,6,126,606,2090.00),(3637,1,126,607,1050.00),(3638,2,126,607,1050.00),(3639,3,126,607,1420.00),(3640,4,126,607,1160.00),(3641,5,126,607,1470.00),(3642,6,126,607,2090.00),(3643,1,126,608,145.00),(3644,2,126,608,145.00),(3645,3,126,608,196.00),(3646,4,126,608,160.00),(3647,5,126,608,203.00),(3648,6,126,608,289.00),(3649,1,126,609,145.00),(3650,2,126,609,145.00),(3651,3,126,609,196.00),(3652,4,126,609,160.00),(3653,5,126,609,203.00),(3654,6,126,609,289.00),(3655,1,126,610,1450.00),(3656,2,126,610,1450.00),(3657,3,126,610,1960.00),(3658,4,126,610,1600.00),(3659,5,126,610,2030.00),(3660,6,126,610,2890.00),(3661,1,126,611,1450.00),(3662,2,126,611,1450.00),(3663,3,126,611,1960.00),(3664,4,126,611,1600.00),(3665,5,126,611,2030.00),(3666,6,126,611,2890.00),(3667,1,127,612,200.00),(3668,2,127,612,200.00),(3669,3,127,612,270.00),(3670,4,127,612,220.00),(3671,5,127,612,400.00),(3672,6,127,612,499.00),(3673,1,127,613,1200.00),(3674,2,127,613,1200.00),(3675,3,127,613,1620.00),(3676,4,127,613,1320.00),(3677,5,127,613,2400.00),(3678,6,127,613,2994.00),(3679,1,128,614,170.00),(3680,2,128,614,170.00),(3681,3,128,614,230.00),(3682,4,128,614,187.00),(3683,5,128,614,238.00),(3684,6,128,614,339.00),(3685,1,128,615,850.00),(3686,2,128,615,850.00),(3687,3,128,615,1150.00),(3688,4,128,615,935.00),(3689,5,128,615,1190.00),(3690,6,128,615,1695.00);
/*!40000 ALTER TABLE `tbl_pricelist_variants` ENABLE KEYS */;
UNLOCK TABLES;

--
-- Table structure for table `tbl_pricelists`
--

DROP TABLE IF EXISTS `tbl_pricelists`;
/*!40101 SET @saved_cs_client     = @@character_set_client */;
/*!40101 SET character_set_client = utf8 */;
CREATE TABLE `tbl_pricelists` (
  `pricelist_id` int(11) NOT NULL AUTO_INCREMENT,
  `pricelist_guid` char(36) NOT NULL,
  `pricelist_name` varchar(150) NOT NULL,
  `is_main_pricelist` enum('Yes','No') NOT NULL DEFAULT 'No',
  `pricelist_brand` enum('Amitex','Michal Negrin') NOT NULL,
  `default_price` float(6,2) unsigned DEFAULT NULL,
  `created_date` datetime NOT NULL,
  `modified_date` datetime DEFAULT NULL,
  PRIMARY KEY (`pricelist_id`),
  UNIQUE KEY `pricelist_name_pricelist_brand` (`pricelist_name`,`pricelist_brand`)
) ENGINE=InnoDB AUTO_INCREMENT=13 DEFAULT CHARSET=utf8;
/*!40101 SET character_set_client = @saved_cs_client */;

--
-- Dumping data for table `tbl_pricelists`
--

LOCK TABLES `tbl_pricelists` WRITE;
/*!40000 ALTER TABLE `tbl_pricelists` DISABLE KEYS */;
INSERT INTO `tbl_pricelists` VALUES (1,'4b4edadf-1a6a-3836-8c67-c4b7f3b41083','Price list 1','No','Amitex',NULL,'2021-12-14 10:57:16',NULL),(2,'9a5a1c4c-1baa-c457-14f9-fc83dd51fab2','Price list 2','No','Amitex',NULL,'2021-12-14 10:57:16',NULL),(3,'0162450c-e1ee-b703-1602-00147cb724d0','Price list 3','No','Amitex',NULL,'2021-12-14 10:57:16',NULL),(4,'0cd0921a-2fb4-6718-bed7-109190d952a1','Price list 4','No','Amitex',NULL,'2021-12-14 10:57:16',NULL),(5,'21f6d5e8-f80f-637c-34c5-e9fdfda6291c','Price list 5','No','Amitex',NULL,'2021-12-14 10:57:16',NULL),(6,'e5954d66-e60a-8674-6a37-2866c2965368','Consumer price','Yes','Amitex',NULL,'2021-12-14 10:57:16',NULL),(7,'b0393d1e-642f-8498-1720-2b7df2ed7645','Price list 1','No','Michal Negrin',NULL,'2021-12-14 16:32:40',NULL),(8,'5a0672b8-2ae9-1a20-e174-68ae8330d335','Price list 2','No','Michal Negrin',NULL,'2021-12-14 16:32:40',NULL),(9,'7d09a236-be7d-fe36-992f-36b29e8c2a55','Price list 3','No','Michal Negrin',NULL,'2021-12-14 16:32:40',NULL),(10,'23fb8d30-9890-237f-a434-ff1635d202fd','Price list 4','No','Michal Negrin',NULL,'2021-12-14 16:32:40',NULL),(11,'e94d4519-02e6-3d10-84cf-0b30c0b2aaf6','Price list 5','No','Michal Negrin',NULL,'2021-12-14 16:32:40',NULL),(12,'d6f95995-d16b-2fb1-21d0-2aa989f63651','Consumer price','Yes','Michal Negrin',NULL,'2021-12-14 16:32:40',NULL);
/*!40000 ALTER TABLE `tbl_pricelists` ENABLE KEYS */;
UNLOCK TABLES;

--
-- Table structure for table `tbl_products`
--

DROP TABLE IF EXISTS `tbl_products`;
/*!40101 SET @saved_cs_client     = @@character_set_client */;
/*!40101 SET character_set_client = utf8 */;
CREATE TABLE `tbl_products` (
  `product_id` int(11) NOT NULL AUTO_INCREMENT,
  `product_guid` char(36) NOT NULL,
  `product_item_code` varchar(50) DEFAULT NULL,
  `product_category_id` int(11) NOT NULL,
  `product_subcategory_id` int(11) DEFAULT NULL,
  `product_name` varchar(250) NOT NULL,
  `is_premium` enum('Yes','No') NOT NULL DEFAULT 'No',
  `product_descprition` text,
  `color_variants` text,
  `size_variants` text,
  `product_brand` enum('Amitex','Michal Negrin') NOT NULL,
  `product_main_photo` text,
  `product_gallery_images` text,
  `created_date` datetime NOT NULL,
  `modified_date` datetime DEFAULT NULL,
  PRIMARY KEY (`product_id`),
  KEY `product_category_id` (`product_category_id`),
  KEY `product_subcategory_id` (`product_subcategory_id`),
  CONSTRAINT `tbl_products_ibfk_1` FOREIGN KEY (`product_category_id`) REFERENCES `tbl_categories` (`category_id`) ON DELETE CASCADE,
  CONSTRAINT `tbl_products_ibfk_2` FOREIGN KEY (`product_subcategory_id`) REFERENCES `tbl_subcategories` (`subcategory_id`) ON DELETE CASCADE
) ENGINE=InnoDB AUTO_INCREMENT=129 DEFAULT CHARSET=utf8;
/*!40101 SET character_set_client = @saved_cs_client */;

--
-- Dumping data for table `tbl_products`
--

LOCK TABLES `tbl_products` WRITE;
/*!40000 ALTER TABLE `tbl_products` DISABLE KEYS */;
INSERT INTO `tbl_products` VALUES (115,'3f29a992-c69e-c4fb-5712-843b89b0bca0','6404קרטון',4,4,'מערכת מצעים מיכל נגרין דגם פורסט סופט','No','תיאור מוצר','[\"טורקיז\",\"ורוד\",\"אופוויט\",\"שחור\",\"קרטון מעורב 4 יח\' (1 מצבע)\",\"קרטון מעורב 8 יח\' (2 מצבע)\"]','[\"זוגי 1.80 מ\'\",\"זוגי 1.60 מ\'\",\"יחיד 0.90 מ\'\"]','Michal Negrin','1.jpg','[\"1.png\",\"10.png\",\"131.png\",\"2.png\",\"4.png\"]','2022-03-29 10:38:48',NULL),(116,'ebd56977-abb6-802a-1f82-baaf4ed3d170','6410קרטון',4,5,'מערכת מצעים קומפורט מיכל נגרין דגם סקרלט סופט','No','תיאור מוצר','[\"ורוד\",\"שחור\",\"זהב\",\"טורקיז\",\"קרטון מעורב 4 יח\' (1 מצבע)\"]','[\"זוגי 1.80 מ\'\",\"זוגי 1.60 מ\'\",\"יחיד 0.90 מ\'\"]','Michal Negrin','1.jpg','[\"1.png\",\"10.png\",\"131.png\",\"2.png\",\"4.png\"]','2022-03-29 10:38:48',NULL),(117,'e643ed4e-585c-cfc8-919f-28a072c8a7b1','6414קרטון',4,6,'שמיכת פינוק עם פרנזים מיכל נגרין דגם פלורין סופט','No','תיאור מוצר','[\"אופוויט\",\"טורקיז\",\"כשחור\",\"קרטון 10 יח\' מעורב (4 אופוויט, 3 טורקיז, 3 שחור)\"]','[\"יחיד\",\"זוגי\"]','Michal Negrin','1.jpg','[\"1.png\",\"10.png\",\"131.png\",\"2.png\",\"4.png\"]','2022-03-29 10:38:49',NULL),(118,'f445f3be-04dc-6b64-1b57-eed04826a5ac','6418קרטון',4,4,'שמיכת פינוק עם פרנזים מיכל נגרין דגם פורסט סופט','No','תיאור מוצר','[\"אופוויט\",\"ורוד\",\"טורקיז\",\"קרטון 10 יח\' מעורב (4 אופוויט, 3 טורקיז, 3 ורוד)\"]','[\"יחיד\",\"זוגי\"]','Michal Negrin','1.jpg','[\"1.png\",\"10.png\",\"131.png\",\"2.png\",\"4.png\"]','2022-03-29 10:38:49',NULL),(119,'577ba241-438e-be4e-9d36-e95d54935501','6434קרטון',4,7,'מערכת מצעים דגם סתיו סופט','No','תיאור מוצר','[\"אופוויט\",\"ורוד\",\"אבן\",\"אפור\",\"קרטון מעורב 4 יח\' (1 מצבע)\"]','[\"זוגי 1.80 מ\'\",\"זוגי 1.60 מ\'\",\"יחיד 0.90 מ\'\"]','Amitex','1.jpg','[\"1.png\",\"10.png\",\"131.png\",\"2.png\",\"4.png\"]','2022-03-29 10:38:49',NULL),(120,'95da8b44-fff4-1712-b908-e8ded0f9ae5e','6440קרטון',4,8,'מערכת מצעים דגם ארבל סופט','No','תיאור מוצר','[\"אופוויט\",\"אפור\",\"ורוד\",\"אבן\",\"קרטון מעורב 4 יח\' (1 מצבע)\"]','[\"זוגי 1.80 מ\'\",\"זוגי 1.60 מ\'\",\"יחיד 0.90 מ\'\"]','Amitex','1.jpg','[\"1.png\",\"10.png\",\"131.png\",\"2.png\",\"4.png\"]','2022-03-29 10:38:49',NULL),(121,'7feb6332-03d5-6791-c6e8-fe4be43234bc','6446קרטון',4,9,'מערכת מצעים קומפורט דגם לפלנד סופט','No','תיאור מוצר','[\"אופוויט\",\"אפור\",\"אבן\",\"שחור\",\"קרטון מעורב 4 יח\' (1 מצבע)\"]','[\"זוגי 1.80 מ\'\",\"זוגי 1.60 מ\'\",\"יחיד 0.90 מ\'\"]','Amitex','1.jpg','[\"1.png\",\"10.png\",\"131.png\",\"2.png\",\"4.png\"]','2022-03-29 10:38:49',NULL),(122,'61bfb34e-e207-f7a0-09e6-414148c1de62','6450קרטון',4,10,'שמיכת פינוק עם פרנזים דגם עומר סופט','No','תיאור מוצר','[\"כשמפניה\",\"כשחור\",\"אפור\",\"אופוויט\",\"קרטון מעורב 10 יח\' (3 אופוויט, 3 שמפניה , 2 שחור, 2 אפור)\",\"קרטון מעורב 10 יח\' (3 אופוויט, 3 שמפניה, 2 אפור , 2 שחור)\"]','[\"יחיד 150X200\",\"זוגי 220X200\"]','Amitex','1.jpg','[\"1.png\",\"10.png\",\"131.png\",\"2.png\",\"4.png\"]','2022-03-29 10:38:49',NULL),(123,'037e59a1-63bd-ad4d-3a13-69493b1a79fc','6454קרטון',4,11,'מערכת מצעים דגם ריינבו סופט','No','תיאור מוצר','[\"ורוד\",\"טורקיז\",\"קרטון מעורב 6 יח\' (3 מצבע)\"]','[\"יחיד\",\"מיטה וחצי\"]','Amitex','1.jpg','[\"1.png\",\"10.png\",\"131.png\",\"2.png\",\"4.png\"]','2022-03-29 10:38:49',NULL),(124,'c7c21c34-81e1-9260-5434-16f41f55219e','קרטון5720',4,12,'שמיכת פינוק עם פרנזים דגם לגאסי סופט','No','תיאור מוצר','[\"כשחור\",\"אופוויט\",\"אפור\",\"קרטון מעורב 10 יח\' (4 אופוויט, 3 שחור, 3 אפור)\"]','[\"יחיד 150X200\",\"יחיד 150X201\",\"זוגי 220X200\",\"זוגי 220X201\"]','Amitex','1.jpg','[\"1.png\",\"10.png\",\"131.png\",\"2.png\",\"4.png\"]','2022-03-29 10:38:49',NULL),(125,'2cf9356a-e45f-0a17-ab32-c7602119e63d','קרטון5712',4,13,'מערכת מצעים דגם אלמוג סופט','No','תיאור מוצר','[\"כשחור\",\"כחול\",\"אופוויט\",\"אפור\",\"קרטון מעורב 4 יח\' (1 מצבע)\"]','[\"זוגי 1.80 מ\'\",\"זוגי 1.60 מ\'\",\"יחיד 0.90 מ\'\"]','Amitex','1.jpg','[\"1.png\",\"10.png\",\"131.png\",\"2.png\",\"4.png\"]','2022-03-29 10:38:49',NULL),(126,'80e1d2f7-40a5-0b5a-628a-b2c5aabe6b5c','1127שקלבן',4,14,'שמיכת פוך הלופייבר','Yes','תיאור מוצר','[\"צבעוני\",\"לבן\",\"1 שק 10 יח\' צבעוני\",\"1 שק 10 יח\' לבן\",\"1 שק 6 יח\' צבעוני\",\"1 שק 6 יח\' לבן\"]','[\"יחיד\",\"זוגי\"]','Amitex','1.jpg','[\"1.png\",\"10.png\",\"131.png\",\"2.png\",\"4.png\"]','2022-03-29 10:38:49',NULL),(127,'8a997f36-7005-a034-d511-36a83cb40546','קרטון1554',4,14,'פוך סילבר 50% פלומה','Yes','תיאור מוצר','[\"טוג 10\",\"יחיד קרטון 6 יח\'\"]','[\"יחיד\"]','Amitex','1.png','[\"10.png\"]','2022-03-29 10:38:49',NULL),(128,'e3265b1e-4775-7e96-f488-68e5c72a9bba','4418קרטון',4,14,'שמיכת פוך אוורסט בול פייבר','Yes','תיאור מוצר','[\"אוורסט\",\"יחיד קרטון 5 יח\'\"]','[\"יחיד\"]','Amitex','131.png','[\"2.png\"]','2022-03-29 10:38:49',NULL);
/*!40000 ALTER TABLE `tbl_products` ENABLE KEYS */;
UNLOCK TABLES;

--
-- Table structure for table `tbl_products_variants`
--

DROP TABLE IF EXISTS `tbl_products_variants`;
/*!40101 SET @saved_cs_client     = @@character_set_client */;
/*!40101 SET character_set_client = utf8 */;
CREATE TABLE `tbl_products_variants` (
  `product_variant_id` int(11) NOT NULL AUTO_INCREMENT,
  `product_id` int(11) NOT NULL,
  `color_variant` varchar(150) NOT NULL,
  `size_variant` varchar(150) NOT NULL,
  `in_stock` int(11) NOT NULL DEFAULT '1',
  PRIMARY KEY (`product_variant_id`),
  KEY `product_id` (`product_id`),
  CONSTRAINT `tbl_products_variants_ibfk_2` FOREIGN KEY (`product_id`) REFERENCES `tbl_products` (`product_id`) ON DELETE CASCADE
) ENGINE=InnoDB AUTO_INCREMENT=616 DEFAULT CHARSET=utf8;
/*!40101 SET character_set_client = @saved_cs_client */;

--
-- Dumping data for table `tbl_products_variants`
--

LOCK TABLES `tbl_products_variants` WRITE;
/*!40000 ALTER TABLE `tbl_products_variants` DISABLE KEYS */;
INSERT INTO `tbl_products_variants` VALUES (474,115,'טורקיז','זוגי 1.80 מ\'',1),(475,115,'ורוד','זוגי 1.80 מ\'',1),(476,115,'אופוויט','זוגי 1.80 מ\'',1),(477,115,'שחור','זוגי 1.80 מ\'',1),(478,115,'קרטון מעורב 4 יח\' (1 מצבע)','זוגי 1.80 מ\'',1),(479,115,'טורקיז','זוגי 1.60 מ\'',1),(480,115,'ורוד','זוגי 1.60 מ\'',1),(481,115,'אופוויט','זוגי 1.60 מ\'',1),(482,115,'שחור','זוגי 1.60 מ\'',1),(483,115,'קרטון מעורב 4 יח\' (1 מצבע)','זוגי 1.60 מ\'',1),(484,115,'טורקיז','יחיד 0.90 מ\'',1),(485,115,'ורוד','יחיד 0.90 מ\'',1),(486,115,'אופוויט','יחיד 0.90 מ\'',1),(487,115,'שחור','יחיד 0.90 מ\'',1),(488,115,'קרטון מעורב 8 יח\' (2 מצבע)','יחיד 0.90 מ\'',1),(489,116,'ורוד','זוגי 1.80 מ\'',1),(490,116,'שחור','זוגי 1.80 מ\'',1),(491,116,'זהב','זוגי 1.80 מ\'',1),(492,116,'טורקיז','זוגי 1.80 מ\'',1),(493,116,'קרטון מעורב 4 יח\' (1 מצבע)','זוגי 1.80 מ\'',1),(494,116,'ורוד','זוגי 1.60 מ\'',1),(495,116,'שחור','זוגי 1.60 מ\'',1),(496,116,'זהב','זוגי 1.60 מ\'',1),(497,116,'טורקיז','זוגי 1.60 מ\'',1),(498,116,'קרטון מעורב 4 יח\' (1 מצבע)','זוגי 1.60 מ\'',1),(499,116,'ורוד','יחיד 0.90 מ\'',1),(500,116,'שחור','יחיד 0.90 מ\'',1),(501,116,'זהב','יחיד 0.90 מ\'',1),(502,116,'טורקיז','יחיד 0.90 מ\'',1),(503,116,'קרטון מעורב 4 יח\' (1 מצבע)','יחיד 0.90 מ\'',1),(504,117,'אופוויט','יחיד',1),(505,117,'טורקיז','יחיד',1),(506,117,'כשחור','יחיד',1),(507,117,'קרטון 10 יח\' מעורב (4 אופוויט, 3 טורקיז, 3 שחור)','יחיד',1),(508,117,'אופוויט','זוגי',1),(509,117,'טורקיז','זוגי',1),(510,117,'כשחור','זוגי',1),(511,117,'קרטון 10 יח\' מעורב (4 אופוויט, 3 טורקיז, 3 שחור)','זוגי',1),(512,118,'אופוויט','יחיד',1),(513,118,'ורוד','יחיד',1),(514,118,'טורקיז','יחיד',1),(515,118,'קרטון 10 יח\' מעורב (4 אופוויט, 3 טורקיז, 3 ורוד)','יחיד',1),(516,118,'אופוויט','זוגי',1),(517,118,'ורוד','זוגי',1),(518,118,'טורקיז','זוגי',1),(519,118,'קרטון 10 יח\' מעורב (4 אופוויט, 3 טורקיז, 3 ורוד)','זוגי',1),(520,119,'אופוויט','זוגי 1.80 מ\'',1),(521,119,'ורוד','זוגי 1.80 מ\'',1),(522,119,'אבן','זוגי 1.80 מ\'',1),(523,119,'אפור','זוגי 1.80 מ\'',1),(524,119,'קרטון מעורב 4 יח\' (1 מצבע)','זוגי 1.80 מ\'',1),(525,119,'אופוויט','זוגי 1.60 מ\'',1),(526,119,'ורוד','זוגי 1.60 מ\'',1),(527,119,'אבן','זוגי 1.60 מ\'',1),(528,119,'אפור','זוגי 1.60 מ\'',1),(529,119,'קרטון מעורב 4 יח\' (1 מצבע)','זוגי 1.60 מ\'',1),(530,119,'אופוויט','יחיד 0.90 מ\'',1),(531,119,'ורוד','יחיד 0.90 מ\'',1),(532,119,'אבן','יחיד 0.90 מ\'',1),(533,119,'אפור','יחיד 0.90 מ\'',1),(534,119,'קרטון מעורב 4 יח\' (1 מצבע)','יחיד 0.90 מ\'',1),(535,120,'אופוויט','זוגי 1.80 מ\'',1),(536,120,'אפור','זוגי 1.80 מ\'',1),(537,120,'ורוד','זוגי 1.80 מ\'',1),(538,120,'אבן','זוגי 1.80 מ\'',1),(539,120,'קרטון מעורב 4 יח\' (1 מצבע)','זוגי 1.80 מ\'',1),(540,120,'אופוויט','זוגי 1.60 מ\'',1),(541,120,'אפור','זוגי 1.60 מ\'',1),(542,120,'ורוד','זוגי 1.60 מ\'',1),(543,120,'אבן','זוגי 1.60 מ\'',1),(544,120,'קרטון מעורב 4 יח\' (1 מצבע)','זוגי 1.60 מ\'',1),(545,120,'אופוויט','יחיד 0.90 מ\'',1),(546,120,'אפור','יחיד 0.90 מ\'',1),(547,120,'ורוד','יחיד 0.90 מ\'',1),(548,120,'אבן','יחיד 0.90 מ\'',1),(549,120,'קרטון מעורב 4 יח\' (1 מצבע)','יחיד 0.90 מ\'',1),(550,121,'אופוויט','זוגי 1.80 מ\'',1),(551,121,'אפור','זוגי 1.80 מ\'',1),(552,121,'אבן','זוגי 1.80 מ\'',1),(553,121,'שחור','זוגי 1.80 מ\'',1),(554,121,'קרטון מעורב 4 יח\' (1 מצבע)','זוגי 1.80 מ\'',1),(555,121,'אופוויט','זוגי 1.60 מ\'',1),(556,121,'אפור','זוגי 1.60 מ\'',1),(557,121,'אבן','זוגי 1.60 מ\'',1),(558,121,'שחור','זוגי 1.60 מ\'',1),(559,121,'קרטון מעורב 4 יח\' (1 מצבע)','זוגי 1.60 מ\'',1),(560,121,'אופוויט','יחיד 0.90 מ\'',1),(561,121,'אפור','יחיד 0.90 מ\'',1),(562,121,'אבן','יחיד 0.90 מ\'',1),(563,121,'שחור','יחיד 0.90 מ\'',1),(564,121,'קרטון מעורב 4 יח\' (1 מצבע)','יחיד 0.90 מ\'',1),(565,122,'כשמפניה','יחיד 150X200',1),(566,122,'כשחור','יחיד 150X200',1),(567,122,'אפור','יחיד 150X200',1),(568,122,'אופוויט','יחיד 150X200',1),(569,122,'קרטון מעורב 10 יח\' (3 אופוויט, 3 שמפניה , 2 שחור, 2 אפור)','יחיד 150X200',1),(570,122,'כשמפניה','זוגי 220X200',1),(571,122,'כשחור','זוגי 220X200',1),(572,122,'אפור','זוגי 220X200',1),(573,122,'אופוויט','זוגי 220X200',1),(574,122,'קרטון מעורב 10 יח\' (3 אופוויט, 3 שמפניה, 2 אפור , 2 שחור)','זוגי 220X200',1),(575,123,'ורוד','יחיד',1),(576,123,'טורקיז','יחיד',1),(577,123,'קרטון מעורב 6 יח\' (3 מצבע)','יחיד',1),(578,123,'ורוד','מיטה וחצי',1),(579,123,'טורקיז','מיטה וחצי',1),(580,123,'קרטון מעורב 6 יח\' (3 מצבע)','מיטה וחצי',1),(581,124,'כשחור','יחיד 150X200',1),(582,124,'אופוויט','יחיד 150X200',1),(583,124,'אפור','יחיד 150X200',1),(584,124,'קרטון מעורב 10 יח\' (4 אופוויט, 3 שחור, 3 אפור)','יחיד 150X201',1),(585,124,'כשחור','זוגי 220X200',1),(586,124,'אופוויט','זוגי 220X200',1),(587,124,'אפור','זוגי 220X200',1),(588,124,'קרטון מעורב 10 יח\' (4 אופוויט, 3 שחור, 3 אפור)','זוגי 220X201',1),(589,125,'כשחור','זוגי 1.80 מ\'',1),(590,125,'כחול','זוגי 1.80 מ\'',1),(591,125,'אופוויט','זוגי 1.80 מ\'',1),(592,125,'אפור','זוגי 1.80 מ\'',1),(593,125,'קרטון מעורב 4 יח\' (1 מצבע)','זוגי 1.80 מ\'',1),(594,125,'כשחור','זוגי 1.60 מ\'',1),(595,125,'כחול','זוגי 1.60 מ\'',1),(596,125,'אופוויט','זוגי 1.60 מ\'',1),(597,125,'אפור','זוגי 1.60 מ\'',1),(598,125,'קרטון מעורב 4 יח\' (1 מצבע)','זוגי 1.60 מ\'',1),(599,125,'כשחור','יחיד 0.90 מ\'',1),(600,125,'כחול','יחיד 0.90 מ\'',1),(601,125,'אופוויט','יחיד 0.90 מ\'',1),(602,125,'אפור','יחיד 0.90 מ\'',1),(603,125,'קרטון מעורב 4 יח\' (1 מצבע)','יחיד 0.90 מ\'',1),(604,126,'צבעוני','יחיד',1),(605,126,'לבן','יחיד',1),(606,126,'1 שק 10 יח\' צבעוני','יחיד',1),(607,126,'1 שק 10 יח\' לבן','יחיד',1),(608,126,'צבעוני','זוגי',1),(609,126,'לבן','זוגי',1),(610,126,'1 שק 6 יח\' צבעוני','זוגי',1),(611,126,'1 שק 6 יח\' לבן','זוגי',1),(612,127,'טוג 10','יחיד',1),(613,127,'יחיד קרטון 6 יח\'','יחיד',1),(614,128,'אוורסט','יחיד',1),(615,128,'יחיד קרטון 5 יח\'','יחיד',1);
/*!40000 ALTER TABLE `tbl_products_variants` ENABLE KEYS */;
UNLOCK TABLES;

--
-- Table structure for table `tbl_subcategories`
--

DROP TABLE IF EXISTS `tbl_subcategories`;
/*!40101 SET @saved_cs_client     = @@character_set_client */;
/*!40101 SET character_set_client = utf8 */;
CREATE TABLE `tbl_subcategories` (
  `subcategory_id` int(11) NOT NULL AUTO_INCREMENT,
  `subcategory_guid` char(36) NOT NULL,
  `category_id` int(11) NOT NULL,
  `subcategory_name` varchar(250) NOT NULL,
  `created_date` datetime NOT NULL,
  PRIMARY KEY (`subcategory_id`),
  UNIQUE KEY `subcategory_guid` (`subcategory_guid`),
  UNIQUE KEY `subcategory_name` (`subcategory_name`),
  KEY `category_id` (`category_id`),
  CONSTRAINT `tbl_subcategories_ibfk_2` FOREIGN KEY (`category_id`) REFERENCES `tbl_categories` (`category_id`) ON DELETE CASCADE
) ENGINE=InnoDB AUTO_INCREMENT=22 DEFAULT CHARSET=utf8;
/*!40101 SET character_set_client = @saved_cs_client */;

--
-- Dumping data for table `tbl_subcategories`
--

LOCK TABLES `tbl_subcategories` WRITE;
/*!40000 ALTER TABLE `tbl_subcategories` DISABLE KEYS */;
INSERT INTO `tbl_subcategories` VALUES (1,'12321446-f087-7700-a6b9-e6a99ed2dba4',1,'מצעים','2021-12-14 10:57:16'),(2,'9e5f96cc-c5f0-b05c-4492-d99b7ac7e522',2,'הושבה','2021-12-14 16:32:40'),(3,'3200e814-dda3-467c-d4a6-7345ce1bff22',3,'Bedding','2021-12-15 09:21:44'),(4,'136ef1d0-aa7e-7b3f-740f-622e0ca646d7',4,'פורסט','2021-12-15 13:03:16'),(5,'c3395250-da0a-86b7-f2f8-ee00db2664b3',4,'סקרלט','2021-12-15 13:03:17'),(6,'c5732c5d-6d45-fcd6-cc92-b4201daf947c',4,'פלורין','2021-12-15 13:03:17'),(7,'eca2301b-3eaf-9061-51b2-bdbd2d7b6938',4,'סתיו','2021-12-15 13:03:17'),(8,'2f64af07-f8f2-86b3-aaf6-8026c91b9465',4,'ארבל','2021-12-15 13:03:17'),(9,'2ed95499-5f02-6e17-4294-521fe58b2f1d',4,'לפלנד','2021-12-15 13:03:17'),(10,'bff80876-90c6-2ef7-20ac-ea67f756d119',4,'עומר','2021-12-15 13:03:17'),(11,'1a9f283d-9b38-d789-341b-9be30e607fb8',4,'ריינבו','2021-12-15 13:03:17'),(12,'08dc8487-3cf9-0498-12eb-c5bb66f4c086',4,'לגאסי','2021-12-15 13:03:17'),(13,'a108cb8b-4b28-3b0f-0b24-8eeba00c570d',4,'אלמוג','2021-12-15 13:03:17'),(14,'7567f9f9-4eec-4f64-dbdf-6bd67fdd8b77',4,'פוכים','2021-12-15 13:03:17'),(15,'5af71610-f908-45ac-1987-f201c794a503',5,'focus','2022-01-16 14:54:31'),(16,'32e5378f-d37a-37f8-457e-409ec9f07aec',5,'cork','2022-01-16 14:54:31'),(17,'bb0d34d0-8565-ddca-8afc-c46d9988b656',5,'movement','2022-01-16 14:54:31'),(18,'29dc4ef5-82d4-c57f-b6c9-f67f09b9eb28',6,'אניגמה','2022-02-02 15:32:42'),(19,'57d2a276-aa0e-ab60-7a15-568999415d3e',6,'ואלרי','2022-02-02 15:32:42'),(20,'dfd20316-c8a9-e484-557e-a8a046b5f9bc',7,'מפות אירוח וכריות נוי','2022-02-02 15:32:42'),(21,'9f2f95dd-64ea-4325-00eb-7c9ff819afde',6,'ניסיון','2022-02-02 16:32:55');
/*!40000 ALTER TABLE `tbl_subcategories` ENABLE KEYS */;
UNLOCK TABLES;

--
-- Table structure for table `tbl_user_types`
--

DROP TABLE IF EXISTS `tbl_user_types`;
/*!40101 SET @saved_cs_client     = @@character_set_client */;
/*!40101 SET character_set_client = utf8 */;
CREATE TABLE `tbl_user_types` (
  `id` int(11) NOT NULL AUTO_INCREMENT,
  `user_type_guid` char(36) NOT NULL,
  `user_type_name` varchar(100) CHARACTER SET utf8 NOT NULL,
  `is_admin` enum('Yes','No') NOT NULL DEFAULT 'Yes',
  `is_permitted` enum('No','Yes') NOT NULL DEFAULT 'Yes' COMMENT '(Yes will be only for Data Write option)',
  `created_date` datetime NOT NULL,
  PRIMARY KEY (`id`),
  UNIQUE KEY `user_type_name` (`user_type_name`)
) ENGINE=InnoDB AUTO_INCREMENT=4 DEFAULT CHARSET=latin1;
/*!40101 SET character_set_client = @saved_cs_client */;

--
-- Dumping data for table `tbl_user_types`
--

LOCK TABLES `tbl_user_types` WRITE;
/*!40000 ALTER TABLE `tbl_user_types` DISABLE KEYS */;
INSERT INTO `tbl_user_types` VALUES (1,'','Super Admin','Yes','No','2020-07-20 08:15:00'),(2,'3a30e5e1-9ec3-11eb-94aa-74dfbfb4fcb7','Sales Agent','Yes','Yes','2021-04-16 07:00:00'),(3,'3a30f346-9ec3-11eb-94aa-74dfbfb4fcb7','Clients','Yes','Yes','2021-04-16 07:00:00');
/*!40000 ALTER TABLE `tbl_user_types` ENABLE KEYS */;
UNLOCK TABLES;

--
-- Table structure for table `tbl_users`
--

DROP TABLE IF EXISTS `tbl_users`;
/*!40101 SET @saved_cs_client     = @@character_set_client */;
/*!40101 SET character_set_client = utf8 */;
CREATE TABLE `tbl_users` (
  `user_id` int(11) NOT NULL AUTO_INCREMENT,
  `user_guid` char(36) NOT NULL,
  `user_type_id` int(11) NOT NULL,
  `parent_user_id` int(11) DEFAULT NULL,
  `first_name` varchar(250) CHARACTER SET utf8 NOT NULL,
  `last_name` varchar(250) CHARACTER SET utf8 DEFAULT NULL,
  `email` varchar(250) CHARACTER SET utf8 DEFAULT NULL,
  `account_number` varchar(250) CHARACTER SET utf8 NOT NULL,
  `phone_number` varchar(100) DEFAULT NULL,
  `address` text CHARACTER SET utf8,
  `password` varchar(255) NOT NULL,
  `percent_reduction` float(4,2) unsigned DEFAULT '0.00' COMMENT 'discount percent (amitex)',
  `percent_reduction_michal` float(4,2) unsigned DEFAULT '0.00' COMMENT 'discount percent (michal negrin)',
  `pricelist_id` int(11) DEFAULT NULL COMMENT '(amitex)',
  `michal_pricelist_id` int(11) DEFAULT NULL COMMENT '(michal negrin)',
  `see_cart_total_amount` enum('Yes','No') DEFAULT NULL,
  `company_address` text CHARACTER SET utf8,
  `email_addresses` text CHARACTER SET utf8,
  `country_id` int(11) DEFAULT NULL,
  `state_id` int(11) DEFAULT NULL,
  `city_id` int(11) DEFAULT NULL,
  `age` int(10) unsigned DEFAULT NULL,
  `gender` enum('Male','Female','Other') DEFAULT NULL,
  `login_session_key` varchar(255) DEFAULT NULL,
  `user_image` text,
  `user_token` varchar(500) DEFAULT NULL,
  `user_status` enum('Pending','Verified','Blocked') NOT NULL DEFAULT 'Pending',
  `created_date` datetime NOT NULL,
  `last_login` datetime DEFAULT NULL,
  `last_activity` datetime DEFAULT NULL,
  PRIMARY KEY (`user_id`),
  KEY `id` (`user_id`),
  KEY `country_id` (`country_id`),
  KEY `user_type_id` (`user_type_id`),
  KEY `user_type_id_2` (`user_type_id`),
  KEY `country_id_2` (`country_id`),
  KEY `state_id` (`state_id`),
  KEY `city_id` (`city_id`),
  KEY `city_id_2` (`city_id`),
  KEY `pricelist_id` (`pricelist_id`),
  CONSTRAINT `tbl_users_ibfk_1` FOREIGN KEY (`user_type_id`) REFERENCES `tbl_user_types` (`id`) ON DELETE CASCADE
) ENGINE=InnoDB AUTO_INCREMENT=25 DEFAULT CHARSET=latin1;
/*!40101 SET character_set_client = @saved_cs_client */;

--
-- Dumping data for table `tbl_users`
--

LOCK TABLES `tbl_users` WRITE;
/*!40000 ALTER TABLE `tbl_users` DISABLE KEYS */;
INSERT INTO `tbl_users` VALUES (5,'453fa6aa-eed2-69fb-dea0-7d80ec88404e',1,NULL,'Amitex','App','admin@amitex.com','','5555555555',NULL,'1e449d4bc872f34ce4d4604cd10fb524',NULL,0.00,NULL,NULL,NULL,NULL,'[\"baramos2298@gmail.com\"]',NULL,NULL,NULL,NULL,'Male',NULL,NULL,NULL,'Verified','2016-05-21 07:15:16','2022-03-29 13:04:04',NULL),(8,'5078034b-fb48-01c8-b7e4-534294853997',2,5,'יפית','מדינה','yaffit@amitex.co.il','','036816481',NULL,'e10adc3949ba59abbe56e057f20f883e',0.00,0.00,NULL,NULL,NULL,NULL,NULL,NULL,NULL,NULL,NULL,'Female','cf61a3d6-2a86-9164-7007-a7500fa296b6',NULL,NULL,'Verified','2021-12-15 13:20:18','2022-02-02 16:48:01','2022-02-02 17:43:26'),(24,'b214f904-6521-9e43-8524-1a092030fd83',3,5,'רון דויטש',NULL,'tomer.gihan@gmail.com','5683','546218486',NULL,'287a0a6926989115b632fcada42ded49',5.20,0.00,2,9,NULL,NULL,NULL,NULL,NULL,NULL,NULL,NULL,NULL,NULL,NULL,'Verified','2022-03-29 10:40:27',NULL,NULL);
/*!40000 ALTER TABLE `tbl_users` ENABLE KEYS */;
UNLOCK TABLES;
/*!40103 SET TIME_ZONE=@OLD_TIME_ZONE */;

/*!40101 SET SQL_MODE=@OLD_SQL_MODE */;
/*!40014 SET FOREIGN_KEY_CHECKS=@OLD_FOREIGN_KEY_CHECKS */;
/*!40014 SET UNIQUE_CHECKS=@OLD_UNIQUE_CHECKS */;
/*!40101 SET CHARACTER_SET_CLIENT=@OLD_CHARACTER_SET_CLIENT */;
/*!40101 SET CHARACTER_SET_RESULTS=@OLD_CHARACTER_SET_RESULTS */;
/*!40101 SET COLLATION_CONNECTION=@OLD_COLLATION_CONNECTION */;
/*!40111 SET SQL_NOTES=@OLD_SQL_NOTES */;

-- Dump completed on 2022-03-29 16:17:02
